epoch,time,train/box_loss,train/cls_loss,train/dfl_loss,metrics/precision(B),metrics/recall(B),metrics/mAP50(B),metrics/mAP50-95(B),val/box_loss,val/cls_loss,val/dfl_loss,lr/pg0,lr/pg1,lr/pg2
1,0.537052,1.34613,4.60122,1.43781,0,0,0,0,1.43003,4.72355,1.46277,0,0,0
2,1.14976,1.5636,4.44172,1.60327,0,0,0,0,1.43149,4.73217,1.47027,6.24381e-06,6.24381e-06,6.24381e-06
3,1.80436,1.44342,4.70458,1.5211,0,0,0,0,1.46168,4.71877,1.47833,1.24753e-05,1.24753e-05,1.24753e-05
4,2.40029,1.35818,4.62122,1.44035,0,0,0,0,1.44342,4.72011,1.46831,1.86943e-05,1.86943e-05,1.86943e-05
5,3.02616,1.33121,4.81611,1.27127,0,0,0,0,1.38901,4.6957,1.41888,2.4901e-05,2.4901e-05,2.4901e-05
6,3.60979,1.58821,4.80913,1.2731,0,0,0,0,1.34502,4.66323,1.36425,3.10953e-05,3.10953e-05,3.10953e-05
7,4.16465,1.33975,4.24197,1.31974,0,0,0,0,1.30993,4.64124,1.33971,3.72772e-05,3.72772e-05,3.72772e-05
8,4.72847,1.5636,4.83081,1.24578,0,0,0,0,1.25001,4.57563,1.26633,4.34468e-05,4.34468e-05,4.34468e-05
9,5.30162,1.22897,4.69393,1.30928,0,0,0,0,1.22262,4.52226,1.2161,4.9604e-05,4.9604e-05,4.9604e-05
10,6.08554,1.15583,4.27156,1.18748,0,0,0,0,1.17236,4.47395,1.17295,5.57488e-05,5.57488e-05,5.57488e-05
11,6.83598,1.64821,4.82434,1.24888,0,0,0,0,1.12688,4.42762,1.12111,6.18813e-05,6.18813e-05,6.18813e-05
12,7.51105,1.18766,4.26606,1.24767,0,0,0,0,1.11907,4.37388,1.08102,6.80013e-05,6.80013e-05,6.80013e-05
13,8.2027,1.32492,4.7454,1.11537,0,0,0,0,1.07882,4.31543,1.03225,7.4109e-05,7.4109e-05,7.4109e-05
14,8.85127,1.12822,4.11903,1.1586,0,0,0,0,1.07025,4.2694,0.99763,8.02043e-05,8.02043e-05,8.02043e-05
15,9.54926,1.49555,4.09786,1.30256,0,0,0,0,1.01851,4.2521,0.97015,8.62873e-05,8.62873e-05,8.62873e-05
16,10.1807,1.24879,4.40932,1.21352,0,0,0,0,1.00395,4.23718,0.95867,9.23578e-05,9.23578e-05,9.23578e-05
17,10.7722,1.09056,4.2649,1.0939,0,0,0,0,0.99288,4.20759,0.94579,9.8416e-05,9.8416e-05,9.8416e-05
18,11.3166,1.04302,4.59152,1.10549,0,0,0,0,0.99288,4.20759,0.94579,0.000104462,0.000104462,0.000104462
19,11.89,0.98886,4.17288,1.05769,0,0,0,0,0.96952,4.18786,0.93781,0.000110495,0.000110495,0.000110495
20,12.4605,1.23351,3.93183,1.21223,0,0,0,0,0.96952,4.18786,0.93781,0.000116516,0.000116516,0.000116516
21,13.1112,1.18271,3.93793,1.1011,0,0,0,0,0.97838,4.1746,0.95164,0.000122525,0.000122525,0.000122525
22,13.6489,1.25855,3.89506,1.14758,0,0,0,0,0.97838,4.1746,0.95164,0.000128521,0.000128521,0.000128521
23,14.275,0.86461,3.90233,1.06297,0,0,0,0,0.98932,4.16746,0.96005,0.000134505,0.000134505,0.000134505
24,14.8244,1.0481,4.5124,0.99056,0,0,0,0,0.98932,4.16746,0.96005,0.000140477,0.000140477,0.000140477
25,15.4143,1.07902,4.54628,1.01956,0,0,0,0,0.99113,4.15786,0.96689,0.000146436,0.000146436,0.000146436
26,15.9443,1.18548,3.70227,1.12717,0,0,0,0,0.99113,4.15786,0.96689,0.000152383,0.000152383,0.000152383
27,16.5127,1.16486,3.73863,1.14261,0,0,0,0,1.02536,4.14641,0.98288,0.000158317,0.000158317,0.000158317
28,17.0457,1.16517,3.72061,1.14406,0,0,0,0,1.02536,4.14641,0.98288,0.000164239,0.000164239,0.000164239
29,17.6125,0.9168,4.02687,1.03806,0,0,0,0,1.03858,4.13075,0.98338,0.000170149,0.000170149,0.000170149
30,18.1551,0.85469,3.69909,1.00361,0,0,0,0,1.03858,4.13075,0.98338,0.000176046,0.000176046,0.000176046
31,18.7285,1.14145,3.94805,1.15644,0,0,0,0,1.04334,4.10928,0.9858,0.000181931,0.000181931,0.000181931
32,19.2689,0.96719,4.20572,1.0766,0,0,0,0,1.04334,4.10928,0.9858,0.000187804,0.000187804,0.000187804
33,19.8365,0.97003,3.69574,1.05451,0,0,0,0,0.99487,4.08529,0.96253,0.000193664,0.000193664,0.000193664
34,20.3676,1.19105,3.37401,1.11558,0,0,0,0,0.99487,4.08529,0.96253,0.000199512,0.000199512,0.000199512
35,20.9339,0.96732,3.53254,1.05703,0,0,0,0,0.9837,4.03971,0.95484,0.000205347,0.000205347,0.000205347
36,21.4611,0.79317,3.64656,1.0053,0,0,0,0,0.9837,4.03971,0.95484,0.00021117,0.00021117,0.00021117
37,22.0328,0.9075,3.61611,1.02356,0.02223,0.21875,0.03829,0.0271,0.95195,3.98307,0.93001,0.000216981,0.000216981,0.000216981
38,22.553,0.88637,3.25868,1.02386,0.02223,0.21875,0.03829,0.0271,0.95195,3.98307,0.93001,0.000222779,0.000222779,0.000222779
39,23.1094,0.98268,3.65732,0.99112,0.04538,0.33333,0.15828,0.11349,0.9665,3.91073,0.92675,0.000228565,0.000228565,0.000228565
40,23.6357,0.95648,3.69303,1.00118,0.04538,0.33333,0.15828,0.11349,0.9665,3.91073,0.92675,0.000234339,0.000234339,0.000234339
41,24.193,1.34127,4.14722,1.03905,0.04074,0.36458,0.24984,0.16692,0.99324,3.84618,0.93123,0.0002401,0.0002401,0.0002401
42,24.7203,1.0287,3.26792,0.92161,0.04074,0.36458,0.24984,0.16692,0.99324,3.84618,0.93123,0.000245849,0.000245849,0.000245849
43,25.2916,0.9387,3.30747,1.01893,0.0527,0.5,0.30063,0.19053,0.97248,3.77436,0.9117,0.000251585,0.000251585,0.000251585
44,25.8145,1.05803,3.20611,1.07731,0.0527,0.5,0.30063,0.19053,0.97248,3.77436,0.9117,0.000257309,0.000257309,0.000257309
45,26.371,0.79684,3.57053,0.9899,0.06294,0.66667,0.34961,0.22355,0.89683,3.68569,0.88279,0.000263021,0.000263021,0.000263021
46,26.8888,0.8381,2.72495,0.96248,0.06294,0.66667,0.34961,0.22355,0.89683,3.68569,0.88279,0.00026872,0.00026872,0.00026872
47,27.4594,1.08938,4.209,0.95276,0.05895,0.58333,0.29757,0.21824,0.92782,3.56047,0.89743,0.000274407,0.000274407,0.000274407
48,27.9727,1.00959,4.0347,0.96405,0.05895,0.58333,0.29757,0.21824,0.92782,3.56047,0.89743,0.000280082,0.000280082,0.000280082
49,28.5134,0.98273,3.51776,0.96989,0.04884,0.54167,0.28599,0.21672,1.01369,3.44579,0.93697,0.000285744,0.000285744,0.000285744
50,29.0105,1.22659,2.8804,1.10539,0.04884,0.54167,0.28599,0.21672,1.01369,3.44579,0.93697,0.000291394,0.000291394,0.000291394
51,29.5593,0.98437,4.07396,0.98054,0.07423,0.66667,0.32009,0.23184,1.06472,3.33819,0.9557,0.000297031,0.000297031,0.000297031
52,30.0845,1.17676,2.88585,1.00437,0.07423,0.66667,0.32009,0.23184,1.06472,3.33819,0.9557,0.000302656,0.000302656,0.000302656
53,30.6137,0.956,2.78859,1.03656,0.07423,0.66667,0.32009,0.23184,1.06472,3.33819,0.9557,0.000308269,0.000308269,0.000308269
54,31.1713,0.94172,2.90855,0.99534,0.07334,0.70833,0.38954,0.2759,1.03182,3.21602,0.93824,0.000313869,0.000313869,0.000313869
55,31.7027,0.97713,3.24983,1.00922,0.07334,0.70833,0.38954,0.2759,1.03182,3.21602,0.93824,0.000319457,0.000319457,0.000319457
56,32.2228,1.01456,2.23565,1.04233,0.07334,0.70833,0.38954,0.2759,1.03182,3.21602,0.93824,0.000325033,0.000325033,0.000325033
57,32.788,1.13317,3.82715,0.9229,0.15857,0.75,0.42622,0.32402,0.97539,3.09049,0.91682,0.000330596,0.000330596,0.000330596
58,33.311,0.8083,2.54717,0.92208,0.15857,0.75,0.42622,0.32402,0.97539,3.09049,0.91682,0.000336147,0.000336147,0.000336147
59,33.846,0.96625,3.69132,0.9496,0.15857,0.75,0.42622,0.32402,0.97539,3.09049,0.91682,0.000341685,0.000341685,0.000341685
60,34.4119,1.0116,2.96331,0.97709,0.16933,0.875,0.44221,0.3432,0.9087,2.9769,0.88004,0.000347211,0.000347211,0.000347211
61,34.934,0.75279,2.30739,0.89535,0.16933,0.875,0.44221,0.3432,0.9087,2.9769,0.88004,0.000352725,0.000352725,0.000352725
62,35.467,0.96295,2.78486,0.96844,0.16933,0.875,0.44221,0.3432,0.9087,2.9769,0.88004,0.000358226,0.000358226,0.000358226
63,36.0182,1.08916,2.85374,1.07091,0.1812,1,0.47848,0.36134,0.81983,2.85612,0.87249,0.000363715,0.000363715,0.000363715
64,36.5367,0.68,2.23495,0.90057,0.1812,1,0.47848,0.36134,0.81983,2.85612,0.87249,0.000369192,0.000369192,0.000369192
65,37.0691,1.03295,2.83803,0.92372,0.1812,1,0.47848,0.36134,0.81983,2.85612,0.87249,0.000374656,0.000374656,0.000374656
66,37.6246,0.97704,2.18543,1.12495,0.1276,1,0.54832,0.40838,0.89058,2.75844,0.87975,0.000380108,0.000380108,0.000380108
67,38.163,0.83401,1.72496,0.93768,0.1276,1,0.54832,0.40838,0.89058,2.75844,0.87975,0.000385547,0.000385547,0.000385547
68,38.7003,0.87479,2.41092,0.98172,0.1276,1,0.54832,0.40838,0.89058,2.75844,0.87975,0.000390974,0.000390974,0.000390974
69,39.2796,1.01111,3.55051,0.90806,0.65254,0.41997,0.56488,0.4076,0.94076,2.65885,0.88989,0.000396389,0.000396389,0.000396389
70,39.8227,1.0917,2.48201,1.15892,0.65254,0.41997,0.56488,0.4076,0.94076,2.65885,0.88989,0.000401791,0.000401791,0.000401791
71,40.3576,1.15729,2.40463,1.15069,0.65254,0.41997,0.56488,0.4076,0.94076,2.65885,0.88989,0.000407181,0.000407181,0.000407181
72,40.9028,1.10683,2.51359,1.16743,0.70803,0.41923,0.64443,0.46699,0.99474,2.55583,0.90919,0.000412559,0.000412559,0.000412559
73,41.45,1.04355,2.74351,0.93695,0.70803,0.41923,0.64443,0.46699,0.99474,2.55583,0.90919,0.000417924,0.000417924,0.000417924
74,41.9894,0.99687,2.52294,1.04235,0.70803,0.41923,0.64443,0.46699,0.99474,2.55583,0.90919,0.000423277,0.000423277,0.000423277
75,42.5699,0.94897,2.53761,0.95718,0.74019,0.375,0.62321,0.45048,0.96694,2.48457,0.91006,0.000428617,0.000428617,0.000428617
76,43.0865,0.92439,2.11112,1.03895,0.74019,0.375,0.62321,0.45048,0.96694,2.48457,0.91006,0.000433945,0.000433945,0.000433945
77,43.6019,1.05736,2.1201,1.14553,0.74019,0.375,0.62321,0.45048,0.96694,2.48457,0.91006,0.000439261,0.000439261,0.000439261
78,44.1557,1.16978,2.59727,1.05068,0.72309,0.36371,0.66232,0.48172,0.87772,2.35278,0.90756,0.000444564,0.000444564,0.000444564
79,44.6918,1.07266,2.33225,1.20346,0.72309,0.36371,0.66232,0.48172,0.87772,2.35278,0.90756,0.000449855,0.000449855,0.000449855
80,45.2271,0.96248,1.8487,1.11043,0.72309,0.36371,0.66232,0.48172,0.87772,2.35278,0.90756,0.000455134,0.000455134,0.000455134
81,45.7945,0.9818,2.06816,1.11875,0.73031,0.37076,0.66079,0.4799,0.83472,2.22543,0.90295,0.0004604,0.0004604,0.0004604
82,46.2977,0.94087,1.8268,0.94552,0.73031,0.37076,0.66079,0.4799,0.83472,2.22543,0.90295,0.000465654,0.000465654,0.000465654
83,46.8096,0.87992,2.19949,1.05324,0.73031,0.37076,0.66079,0.4799,0.83472,2.22543,0.90295,0.000470895,0.000470895,0.000470895
84,47.3571,0.90116,1.36051,0.97605,0.56551,0.51935,0.6747,0.50613,0.78714,2.11319,0.91418,0.000476124,0.000476124,0.000476124
85,47.893,0.90177,1.95632,0.97043,0.56551,0.51935,0.6747,0.50613,0.78714,2.11319,0.91418,0.000481341,0.000481341,0.000481341
86,48.4311,0.84486,1.37045,0.96064,0.56551,0.51935,0.6747,0.50613,0.78714,2.11319,0.91418,0.000486545,0.000486545,0.000486545
87,48.9639,0.94172,1.88179,1.10157,0.56551,0.51935,0.6747,0.50613,0.78714,2.11319,0.91418,0.000491737,0.000491737,0.000491737
88,49.5376,0.93116,1.75939,1.08084,0.58632,0.60236,0.69567,0.53668,0.79935,1.95038,0.92285,0.000496917,0.000496917,0.000496917
89,50.0784,0.91612,1.80961,1.12092,0.58632,0.60236,0.69567,0.53668,0.79935,1.95038,0.92285,0.000502084,0.000502084,0.000502084
90,50.6371,0.98259,3.16629,0.91885,0.58632,0.60236,0.69567,0.53668,0.79935,1.95038,0.92285,0.000507239,0.000507239,0.000507239
91,51.1788,0.98872,1.89965,1.0395,0.58632,0.60236,0.69567,0.53668,0.79935,1.95038,0.92285,0.000512381,0.000512381,0.000512381
92,51.7515,0.95817,1.75748,1.01387,0.49738,0.53402,0.68109,0.53196,0.80251,1.86777,0.92606,0.000517511,0.000517511,0.000517511
93,52.2652,1.10019,1.78529,1.11022,0.49738,0.53402,0.68109,0.53196,0.80251,1.86777,0.92606,0.000522629,0.000522629,0.000522629
94,52.7724,0.98449,1.30912,1.05518,0.49738,0.53402,0.68109,0.53196,0.80251,1.86777,0.92606,0.000527734,0.000527734,0.000527734
95,53.2901,1.04591,1.68979,1.04032,0.49738,0.53402,0.68109,0.53196,0.80251,1.86777,0.92606,0.000532827,0.000532827,0.000532827
96,53.8187,1.00982,1.56987,1.14006,0.56382,0.59701,0.68077,0.48573,0.82921,1.83718,0.94301,0.000537908,0.000537908,0.000537908
97,54.3352,0.88416,1.43729,1.12533,0.56382,0.59701,0.68077,0.48573,0.82921,1.83718,0.94301,0.000542976,0.000542976,0.000542976
98,54.9348,1.02173,1.55586,0.98432,0.56382,0.59701,0.68077,0.48573,0.82921,1.83718,0.94301,0.000548032,0.000548032,0.000548032
99,55.5296,0.94022,1.51956,1.1479,0.56382,0.59701,0.68077,0.48573,0.82921,1.83718,0.94301,0.000553075,0.000553075,0.000553075
100,56.1732,0.86437,1.21031,0.99404,0.47277,0.66667,0.70616,0.51402,0.84609,1.79742,0.96896,0.000558106,0.000558106,0.000558106
101,56.8337,0.90733,1.89335,0.93765,0.47277,0.66667,0.70616,0.51402,0.84609,1.79742,0.96896,0.000563125,0.000563125,0.000563125
102,57.5126,1.16391,2.97104,1.0367,0.47277,0.66667,0.70616,0.51402,0.84609,1.79742,0.96896,0.000562506,0.000562506,0.000562506
103,58.1179,0.72819,1.20006,1.06731,0.47277,0.66667,0.70616,0.51402,0.84609,1.79742,0.96896,0.000561888,0.000561888,0.000561888
104,58.805,0.87617,1.6015,1.11865,0.53108,0.67835,0.70756,0.54201,0.81003,1.70374,0.98373,0.000561269,0.000561269,0.000561269
105,59.4523,0.81671,1.42119,1.03293,0.53108,0.67835,0.70756,0.54201,0.81003,1.70374,0.98373,0.00056065,0.00056065,0.00056065
106,60.1477,0.88093,2.19177,0.91941,0.53108,0.67835,0.70756,0.54201,0.81003,1.70374,0.98373,0.000560031,0.000560031,0.000560031
107,60.8036,0.73352,1.28239,1.02244,0.53108,0.67835,0.70756,0.54201,0.81003,1.70374,0.98373,0.000559412,0.000559412,0.000559412
108,61.554,0.69275,1.79431,0.92624,0.3875,0.79167,0.69125,0.54362,0.77155,1.65581,0.98094,0.000558794,0.000558794,0.000558794
109,62.3158,0.85918,2.51332,0.91478,0.3875,0.79167,0.69125,0.54362,0.77155,1.65581,0.98094,0.000558175,0.000558175,0.000558175
110,62.9418,1.04244,1.57094,1.01947,0.3875,0.79167,0.69125,0.54362,0.77155,1.65581,0.98094,0.000557556,0.000557556,0.000557556
111,63.543,0.93832,1.42574,0.98998,0.3875,0.79167,0.69125,0.54362,0.77155,1.65581,0.98094,0.000556938,0.000556938,0.000556938
112,64.1871,1.09764,1.90021,1.04524,0.41532,0.74666,0.70349,0.56401,0.74264,1.64831,0.97213,0.000556319,0.000556319,0.000556319
113,64.8174,0.68272,1.0874,0.93945,0.41532,0.74666,0.70349,0.56401,0.74264,1.64831,0.97213,0.0005557,0.0005557,0.0005557
114,65.4381,0.69147,0.989,0.93911,0.41532,0.74666,0.70349,0.56401,0.74264,1.64831,0.97213,0.000555081,0.000555081,0.000555081
115,66.0648,0.95728,1.58925,0.92274,0.41532,0.74666,0.70349,0.56401,0.74264,1.64831,0.97213,0.000554462,0.000554462,0.000554462
116,66.7232,0.89736,1.15062,1.11612,0.39949,0.65438,0.72969,0.58096,0.72077,1.59613,0.95521,0.000553844,0.000553844,0.000553844
117,67.3436,0.73548,1.24715,1.01892,0.39949,0.65438,0.72969,0.58096,0.72077,1.59613,0.95521,0.000553225,0.000553225,0.000553225
118,67.9898,0.95255,2.09476,0.95948,0.39949,0.65438,0.72969,0.58096,0.72077,1.59613,0.95521,0.000552606,0.000552606,0.000552606
119,68.6136,0.8364,1.73188,0.95482,0.39949,0.65438,0.72969,0.58096,0.72077,1.59613,0.95521,0.000551987,0.000551987,0.000551987
120,69.2624,0.84166,1.26214,1.0637,0.40348,0.73566,0.74927,0.60153,0.71807,1.53413,0.95063,0.000551369,0.000551369,0.000551369
121,69.8805,0.70373,1.04384,0.98465,0.40348,0.73566,0.74927,0.60153,0.71807,1.53413,0.95063,0.00055075,0.00055075,0.00055075
122,70.4985,0.66507,1.07018,0.92629,0.40348,0.73566,0.74927,0.60153,0.71807,1.53413,0.95063,0.000550131,0.000550131,0.000550131
123,71.1107,0.65241,1.02602,0.85331,0.40348,0.73566,0.74927,0.60153,0.71807,1.53413,0.95063,0.000549513,0.000549513,0.000549513
124,71.7382,0.64555,1.10488,0.99896,0.45018,0.73357,0.80295,0.64563,0.77377,1.4648,0.96345,0.000548894,0.000548894,0.000548894
125,72.3617,0.92999,1.71382,0.89712,0.45018,0.73357,0.80295,0.64563,0.77377,1.4648,0.96345,0.000548275,0.000548275,0.000548275
126,72.9764,0.90956,1.40094,1.02898,0.45018,0.73357,0.80295,0.64563,0.77377,1.4648,0.96345,0.000547656,0.000547656,0.000547656
127,73.5961,0.96993,1.70381,1.08672,0.45018,0.73357,0.80295,0.64563,0.77377,1.4648,0.96345,0.000547038,0.000547038,0.000547038
128,74.2585,0.85834,1.13922,1.09667,0.61605,0.78771,0.85819,0.69108,0.81272,1.44844,0.98652,0.000546419,0.000546419,0.000546419
129,74.8671,0.98774,1.54564,1.09001,0.61605,0.78771,0.85819,0.69108,0.81272,1.44844,0.98652,0.0005458,0.0005458,0.0005458
130,75.5046,0.87843,1.3428,0.95341,0.61605,0.78771,0.85819,0.69108,0.81272,1.44844,0.98652,0.000545181,0.000545181,0.000545181
131,77.0305,0.72831,1.02832,0.99076,0.61605,0.78771,0.85819,0.69108,0.81272,1.44844,0.98652,0.000544563,0.000544563,0.000544563
132,78.2976,0.89095,1.5128,1.02782,0.78057,0.68098,0.87596,0.70386,0.75477,1.39917,0.98359,0.000543944,0.000543944,0.000543944
133,78.9238,1.12781,2.09078,0.95125,0.78057,0.68098,0.87596,0.70386,0.75477,1.39917,0.98359,0.000543325,0.000543325,0.000543325
134,79.5614,0.78708,1.42787,0.93133,0.78057,0.68098,0.87596,0.70386,0.75477,1.39917,0.98359,0.000542706,0.000542706,0.000542706
135,80.1966,0.94766,1.71029,0.90928,0.78057,0.68098,0.87596,0.70386,0.75477,1.39917,0.98359,0.000542087,0.000542087,0.000542087
136,80.8555,0.62664,0.91124,0.9534,0.78789,0.68271,0.87524,0.68222,0.75075,1.42332,0.98187,0.000541469,0.000541469,0.000541469
137,81.451,0.70935,1.0974,1.0548,0.78789,0.68271,0.87524,0.68222,0.75075,1.42332,0.98187,0.00054085,0.00054085,0.00054085
138,82.0581,0.84787,1.29524,0.94484,0.78789,0.68271,0.87524,0.68222,0.75075,1.42332,0.98187,0.000540231,0.000540231,0.000540231
139,82.6636,0.77085,0.99638,1.0672,0.78789,0.68271,0.87524,0.68222,0.75075,1.42332,0.98187,0.000539613,0.000539613,0.000539613
140,83.2961,0.79723,1.36793,0.9654,0.60561,0.8189,0.85518,0.66532,0.75722,1.33665,0.971,0.000538994,0.000538994,0.000538994
141,83.9073,1.15362,1.91685,0.89111,0.60561,0.8189,0.85518,0.66532,0.75722,1.33665,0.971,0.000538375,0.000538375,0.000538375
142,84.5297,1.02749,1.8146,0.9284,0.60561,0.8189,0.85518,0.66532,0.75722,1.33665,0.971,0.000537756,0.000537756,0.000537756
143,85.1211,0.63962,0.84892,0.97676,0.60561,0.8189,0.85518,0.66532,0.75722,1.33665,0.971,0.000537137,0.000537137,0.000537137
144,85.7548,0.71906,0.986,0.99512,0.57317,0.92461,0.85938,0.67478,0.72935,1.20062,0.9592,0.000536519,0.000536519,0.000536519
145,86.3583,0.9184,1.2178,0.89226,0.57317,0.92461,0.85938,0.67478,0.72935,1.20062,0.9592,0.0005359,0.0005359,0.0005359
146,87.3042,0.67462,0.83869,0.85135,0.57317,0.92461,0.85938,0.67478,0.72935,1.20062,0.9592,0.000535281,0.000535281,0.000535281
147,87.8975,0.65369,1.06608,1.02941,0.57317,0.92461,0.85938,0.67478,0.72935,1.20062,0.9592,0.000534663,0.000534663,0.000534663
148,89.1395,0.63523,0.7609,0.89185,0.56798,0.82173,0.85938,0.69738,0.67264,1.06693,0.95263,0.000534044,0.000534044,0.000534044
149,90.2889,0.85942,1.26181,0.83435,0.56798,0.82173,0.85938,0.69738,0.67264,1.06693,0.95263,0.000533425,0.000533425,0.000533425
150,91.4844,0.80802,1.18196,0.92467,0.56798,0.82173,0.85938,0.69738,0.67264,1.06693,0.95263,0.000532806,0.000532806,0.000532806
151,92.4886,0.74029,0.97155,0.8725,0.56798,0.82173,0.85938,0.69738,0.67264,1.06693,0.95263,0.000532187,0.000532187,0.000532187
152,93.1234,0.72445,1.09769,1.00064,0.75306,0.799,0.88,0.69029,0.71714,1.01094,0.97451,0.000531569,0.000531569,0.000531569
153,94.353,0.56881,0.74594,0.968,0.75306,0.799,0.88,0.69029,0.71714,1.01094,0.97451,0.00053095,0.00053095,0.00053095
154,95.4458,0.58679,0.82756,0.98273,0.75306,0.799,0.88,0.69029,0.71714,1.01094,0.97451,0.000530331,0.000530331,0.000530331
155,96.0475,0.78503,1.01169,0.99586,0.75306,0.799,0.88,0.69029,0.71714,1.01094,0.97451,0.000529712,0.000529712,0.000529712
156,96.6933,0.90726,1.46673,0.84787,0.87463,0.76226,0.9325,0.70375,0.73198,0.98684,0.97161,0.000529094,0.000529094,0.000529094
157,97.3824,0.88194,1.30404,1.01481,0.87463,0.76226,0.9325,0.70375,0.73198,0.98684,0.97161,0.000528475,0.000528475,0.000528475
158,98.0075,0.66287,0.91944,0.96567,0.87463,0.76226,0.9325,0.70375,0.73198,0.98684,0.97161,0.000527856,0.000527856,0.000527856
159,98.6383,0.85695,1.39181,0.99653,0.87463,0.76226,0.9325,0.70375,0.73198,0.98684,0.97161,0.000527238,0.000527238,0.000527238
160,99.3186,1.05177,1.66986,0.90169,0.79825,0.82153,0.95333,0.78048,0.67105,0.90471,0.94534,0.000526619,0.000526619,0.000526619
161,99.9625,0.82905,1.10811,0.94706,0.79825,0.82153,0.95333,0.78048,0.67105,0.90471,0.94534,0.000526,0.000526,0.000526
162,100.59,0.69601,1.81473,1.03709,0.79825,0.82153,0.95333,0.78048,0.67105,0.90471,0.94534,0.000525381,0.000525381,0.000525381
163,101.225,0.72881,1.41754,0.90803,0.79825,0.82153,0.95333,0.78048,0.67105,0.90471,0.94534,0.000524762,0.000524762,0.000524762
164,101.872,0.78127,1.08046,1.07453,0.86152,0.82525,0.97,0.79818,0.63419,0.872,0.93296,0.000524144,0.000524144,0.000524144
165,102.488,0.71747,0.92546,0.9667,0.86152,0.82525,0.97,0.79818,0.63419,0.872,0.93296,0.000523525,0.000523525,0.000523525
166,103.113,0.67852,0.8491,0.87133,0.86152,0.82525,0.97,0.79818,0.63419,0.872,0.93296,0.000522906,0.000522906,0.000522906
167,103.751,0.80685,1.14307,0.90453,0.86152,0.82525,0.97,0.79818,0.63419,0.872,0.93296,0.000522288,0.000522288,0.000522288
168,104.422,0.83903,1.2538,0.87203,0.80169,0.8453,0.97,0.81332,0.54666,0.86685,0.90503,0.000521669,0.000521669,0.000521669
169,105.054,0.51001,0.75996,0.91539,0.80169,0.8453,0.97,0.81332,0.54666,0.86685,0.90503,0.00052105,0.00052105,0.00052105
170,105.667,0.68655,1.11486,0.99763,0.80169,0.8453,0.97,0.81332,0.54666,0.86685,0.90503,0.000520431,0.000520431,0.000520431
171,106.303,0.90609,1.08839,1.08957,0.80169,0.8453,0.97,0.81332,0.54666,0.86685,0.90503,0.000519812,0.000519812,0.000519812
172,107.007,0.91979,1.28284,0.94377,0.80565,0.85511,0.97,0.79634,0.54301,0.8434,0.89994,0.000519194,0.000519194,0.000519194
173,107.679,0.7551,0.9138,0.9839,0.80565,0.85511,0.97,0.79634,0.54301,0.8434,0.89994,0.000518575,0.000518575,0.000518575
174,108.36,0.78419,1.26019,0.9261,0.80565,0.85511,0.97,0.79634,0.54301,0.8434,0.89994,0.000517956,0.000517956,0.000517956
175,109.029,0.4961,0.73473,0.90442,0.80565,0.85511,0.97,0.79634,0.54301,0.8434,0.89994,0.000517338,0.000517338,0.000517338
176,109.665,0.61129,0.83233,0.92399,0.78974,0.87424,0.97417,0.81972,0.56675,0.82908,0.89829,0.000516719,0.000516719,0.000516719
177,110.298,0.95302,1.34847,1.2396,0.78974,0.87424,0.97417,0.81972,0.56675,0.82908,0.89829,0.0005161,0.0005161,0.0005161
178,110.912,0.71371,0.93495,0.99099,0.78974,0.87424,0.97417,0.81972,0.56675,0.82908,0.89829,0.000515481,0.000515481,0.000515481
179,111.518,0.65591,0.885,1.00623,0.78974,0.87424,0.97417,0.81972,0.56675,0.82908,0.89829,0.000514862,0.000514862,0.000514862
180,112.166,0.7283,0.90021,1.03815,0.72078,0.95406,0.97417,0.83332,0.62782,0.81473,0.91396,0.000514244,0.000514244,0.000514244
181,112.794,0.63365,0.73413,0.86962,0.72078,0.95406,0.97417,0.83332,0.62782,0.81473,0.91396,0.000513625,0.000513625,0.000513625
182,113.407,0.61829,0.71484,0.86606,0.72078,0.95406,0.97417,0.83332,0.62782,0.81473,0.91396,0.000513006,0.000513006,0.000513006
183,114.029,0.6764,0.81351,0.99019,0.72078,0.95406,0.97417,0.83332,0.62782,0.81473,0.91396,0.000512388,0.000512388,0.000512388
184,114.678,0.63467,0.95486,0.98535,0.79151,0.92372,0.98111,0.8407,0.64581,0.79898,0.91434,0.000511769,0.000511769,0.000511769
185,115.299,0.75902,1.14284,0.95378,0.79151,0.92372,0.98111,0.8407,0.64581,0.79898,0.91434,0.00051115,0.00051115,0.00051115
186,115.942,1.13502,1.64162,0.94772,0.79151,0.92372,0.98111,0.8407,0.64581,0.79898,0.91434,0.000510531,0.000510531,0.000510531
187,116.584,0.76576,1.15644,0.86463,0.79151,0.92372,0.98111,0.8407,0.64581,0.79898,0.91434,0.000509913,0.000509913,0.000509913
188,117.273,0.64568,0.85776,0.99731,0.78798,0.96234,0.98111,0.82756,0.64297,0.80503,0.9117,0.000509294,0.000509294,0.000509294
189,117.868,0.80301,1.16868,0.91061,0.78798,0.96234,0.98111,0.82756,0.64297,0.80503,0.9117,0.000508675,0.000508675,0.000508675
190,118.443,0.51639,0.63879,0.9465,0.78798,0.96234,0.98111,0.82756,0.64297,0.80503,0.9117,0.000508056,0.000508056,0.000508056
191,119.036,0.53862,0.77015,0.97727,0.78798,0.96234,0.98111,0.82756,0.64297,0.80503,0.9117,0.000507438,0.000507438,0.000507438
192,119.683,0.67233,1.00117,0.90124,0.73073,1,0.98111,0.84098,0.56728,0.78491,0.89963,0.000506819,0.000506819,0.000506819
193,120.309,0.53302,1.10483,0.97838,0.73073,1,0.98111,0.84098,0.56728,0.78491,0.89963,0.0005062,0.0005062,0.0005062
194,120.94,0.62,0.74801,0.8812,0.73073,1,0.98111,0.84098,0.56728,0.78491,0.89963,0.000505581,0.000505581,0.000505581
195,121.565,0.5424,0.71987,0.96249,0.73073,1,0.98111,0.84098,0.56728,0.78491,0.89963,0.000504963,0.000504963,0.000504963
196,122.243,0.87984,1.13382,0.95392,0.73718,0.98328,0.98111,0.86133,0.48507,0.77159,0.88413,0.000504344,0.000504344,0.000504344
197,122.878,0.69769,1.18667,0.89942,0.73718,0.98328,0.98111,0.86133,0.48507,0.77159,0.88413,0.000503725,0.000503725,0.000503725
198,123.498,0.57848,0.73027,0.87693,0.73718,0.98328,0.98111,0.86133,0.48507,0.77159,0.88413,0.000503106,0.000503106,0.000503106
199,124.11,0.57453,0.78236,0.93685,0.73718,0.98328,0.98111,0.86133,0.48507,0.77159,0.88413,0.000502487,0.000502487,0.000502487
200,124.78,0.68572,0.85448,0.9003,0.71167,0.9754,0.98111,0.90363,0.45324,0.71474,0.87467,0.000501869,0.000501869,0.000501869
201,125.418,0.72203,0.8193,0.96479,0.71167,0.9754,0.98111,0.90363,0.45324,0.71474,0.87467,0.00050125,0.00050125,0.00050125
202,126.06,0.63904,0.79077,0.86196,0.71167,0.9754,0.98111,0.90363,0.45324,0.71474,0.87467,0.000500631,0.000500631,0.000500631
203,126.701,0.66473,0.90997,0.88605,0.71167,0.9754,0.98111,0.90363,0.45324,0.71474,0.87467,0.000500013,0.000500013,0.000500013
204,127.442,0.59222,0.76831,0.87286,0.93172,0.8478,0.995,0.90013,0.51339,0.70014,0.87961,0.000499394,0.000499394,0.000499394
205,128.06,1.01087,1.2717,0.88722,0.93172,0.8478,0.995,0.90013,0.51339,0.70014,0.87961,0.000498775,0.000498775,0.000498775
206,128.647,0.65292,0.97703,1.12826,0.93172,0.8478,0.995,0.90013,0.51339,0.70014,0.87961,0.000498156,0.000498156,0.000498156
207,129.258,0.68034,1.05631,0.91494,0.93172,0.8478,0.995,0.90013,0.51339,0.70014,0.87961,0.000497537,0.000497537,0.000497537
208,129.892,0.51335,0.6325,0.86975,0.77109,0.97563,0.995,0.88485,0.5755,0.69635,0.88849,0.000496919,0.000496919,0.000496919
209,130.5,0.73891,1.08786,0.86113,0.77109,0.97563,0.995,0.88485,0.5755,0.69635,0.88849,0.0004963,0.0004963,0.0004963
210,131.116,0.74032,1.01958,0.99707,0.77109,0.97563,0.995,0.88485,0.5755,0.69635,0.88849,0.000495681,0.000495681,0.000495681
211,131.732,0.59105,0.78414,0.85175,0.77109,0.97563,0.995,0.88485,0.5755,0.69635,0.88849,0.000495063,0.000495063,0.000495063
212,132.356,0.76077,0.99958,0.96782,0.83899,0.97646,0.995,0.89989,0.54721,0.66054,0.88041,0.000494444,0.000494444,0.000494444
213,132.966,0.66728,0.89657,0.8487,0.83899,0.97646,0.995,0.89989,0.54721,0.66054,0.88041,0.000493825,0.000493825,0.000493825
214,133.582,0.60736,0.93613,0.80026,0.83899,0.97646,0.995,0.89989,0.54721,0.66054,0.88041,0.000493206,0.000493206,0.000493206
215,134.195,0.56579,0.75516,0.87666,0.83899,0.97646,0.995,0.89989,0.54721,0.66054,0.88041,0.000492588,0.000492588,0.000492588
216,134.839,0.80025,1.01833,1.07544,0.89335,0.99788,0.995,0.91703,0.51271,0.62153,0.87404,0.000491969,0.000491969,0.000491969
217,135.493,0.77712,1.01249,0.86602,0.89335,0.99788,0.995,0.91703,0.51271,0.62153,0.87404,0.00049135,0.00049135,0.00049135
218,136.12,0.59195,0.72391,1.00185,0.89335,0.99788,0.995,0.91703,0.51271,0.62153,0.87404,0.000490731,0.000490731,0.000490731
219,136.762,0.76052,0.86456,0.86397,0.89335,0.99788,0.995,0.91703,0.51271,0.62153,0.87404,0.000490112,0.000490112,0.000490112
220,137.446,0.61692,0.95067,0.84445,0.92258,0.98993,0.995,0.89886,0.5325,0.62524,0.88004,0.000489494,0.000489494,0.000489494
221,138.042,0.50504,0.62847,0.85802,0.92258,0.98993,0.995,0.89886,0.5325,0.62524,0.88004,0.000488875,0.000488875,0.000488875
222,138.64,0.55389,0.62975,0.87637,0.92258,0.98993,0.995,0.89886,0.5325,0.62524,0.88004,0.000488256,0.000488256,0.000488256
223,139.316,0.92438,1.1868,0.90125,0.92258,0.98993,0.995,0.89886,0.5325,0.62524,0.88004,0.000487638,0.000487638,0.000487638
224,139.98,0.79739,1.29978,0.88585,0.92414,0.9841,0.995,0.8962,0.51172,0.63425,0.87718,0.000487019,0.000487019,0.000487019
225,140.588,0.69489,1.52177,0.92146,0.92414,0.9841,0.995,0.8962,0.51172,0.63425,0.87718,0.0004864,0.0004864,0.0004864
226,141.203,0.5948,0.76507,0.82547,0.92414,0.9841,0.995,0.8962,0.51172,0.63425,0.87718,0.000485781,0.000485781,0.000485781
227,141.803,0.53231,0.62923,0.84227,0.92414,0.9841,0.995,0.8962,0.51172,0.63425,0.87718,0.000485163,0.000485163,0.000485163
228,142.45,0.81385,1.0168,0.79451,0.93773,0.97572,0.995,0.90705,0.5024,0.65071,0.87792,0.000484544,0.000484544,0.000484544
229,143.045,0.63799,0.95297,0.88659,0.93773,0.97572,0.995,0.90705,0.5024,0.65071,0.87792,0.000483925,0.000483925,0.000483925
230,143.646,0.52136,0.68498,0.88753,0.93773,0.97572,0.995,0.90705,0.5024,0.65071,0.87792,0.000483306,0.000483306,0.000483306
231,144.234,0.71065,0.90264,1.05592,0.93773,0.97572,0.995,0.90705,0.5024,0.65071,0.87792,0.000482687,0.000482687,0.000482687
232,144.88,0.8443,0.92286,0.87872,0.89945,0.93868,0.98111,0.89191,0.50937,0.67303,0.88154,0.000482069,0.000482069,0.000482069
233,145.487,0.59548,0.96795,0.8738,0.89945,0.93868,0.98111,0.89191,0.50937,0.67303,0.88154,0.00048145,0.00048145,0.00048145
234,146.111,0.54774,0.87458,0.89701,0.89945,0.93868,0.98111,0.89191,0.50937,0.67303,0.88154,0.000480831,0.000480831,0.000480831
235,146.726,0.48077,0.64421,0.86393,0.89945,0.93868,0.98111,0.89191,0.50937,0.67303,0.88154,0.000480213,0.000480213,0.000480213
236,147.437,0.70122,0.8603,0.87972,0.89577,0.93809,0.98111,0.87313,0.5048,0.67938,0.8817,0.000479594,0.000479594,0.000479594
237,148.05,0.46348,0.74502,0.89208,0.89577,0.93809,0.98111,0.87313,0.5048,0.67938,0.8817,0.000478975,0.000478975,0.000478975
238,148.644,0.48093,0.72111,0.99003,0.89577,0.93809,0.98111,0.87313,0.5048,0.67938,0.8817,0.000478356,0.000478356,0.000478356
239,149.246,0.67675,1.30225,0.92266,0.89577,0.93809,0.98111,0.87313,0.5048,0.67938,0.8817,0.000477738,0.000477738,0.000477738
240,149.889,0.64261,0.83799,0.91557,0.93672,0.96633,0.995,0.89455,0.4897,0.62579,0.87915,0.000477119,0.000477119,0.000477119
241,150.519,0.50642,0.72183,0.95312,0.93672,0.96633,0.995,0.89455,0.4897,0.62579,0.87915,0.0004765,0.0004765,0.0004765
242,151.137,0.41429,0.61164,0.86432,0.93672,0.96633,0.995,0.89455,0.4897,0.62579,0.87915,0.000475881,0.000475881,0.000475881
243,151.725,0.58396,0.72528,0.95866,0.93672,0.96633,0.995,0.89455,0.4897,0.62579,0.87915,0.000475263,0.000475263,0.000475263
244,152.367,1.00185,1.0399,0.82086,0.9286,0.97497,0.995,0.90822,0.4713,0.59197,0.873,0.000474644,0.000474644,0.000474644
245,152.988,0.49667,0.83253,0.84771,0.9286,0.97497,0.995,0.90822,0.4713,0.59197,0.873,0.000474025,0.000474025,0.000474025
246,153.618,0.87337,1.10872,0.88519,0.9286,0.97497,0.995,0.90822,0.4713,0.59197,0.873,0.000473406,0.000473406,0.000473406
247,154.232,0.7223,0.93998,0.91632,0.9286,0.97497,0.995,0.90822,0.4713,0.59197,0.873,0.000472788,0.000472788,0.000472788
248,154.907,0.60292,0.77971,0.79939,0.94036,0.95288,0.995,0.90034,0.46668,0.58119,0.87056,0.000472169,0.000472169,0.000472169
249,155.504,0.66524,1.12833,1.05571,0.94036,0.95288,0.995,0.90034,0.46668,0.58119,0.87056,0.00047155,0.00047155,0.00047155
250,156.124,0.47817,0.74726,0.85432,0.94036,0.95288,0.995,0.90034,0.46668,0.58119,0.87056,0.000470931,0.000470931,0.000470931
251,156.741,0.60953,0.92373,0.95931,0.94036,0.95288,0.995,0.90034,0.46668,0.58119,0.87056,0.000470312,0.000470312,0.000470312
252,157.378,0.47733,0.6537,0.88078,0.94527,0.94859,0.995,0.90769,0.45081,0.5744,0.86965,0.000469694,0.000469694,0.000469694
253,157.971,0.49166,0.63786,0.87457,0.94527,0.94859,0.995,0.90769,0.45081,0.5744,0.86965,0.000469075,0.000469075,0.000469075
254,158.569,0.53134,0.91438,0.88981,0.94527,0.94859,0.995,0.90769,0.45081,0.5744,0.86965,0.000468456,0.000468456,0.000468456
255,159.174,0.4886,0.73833,0.84027,0.94527,0.94859,0.995,0.90769,0.45081,0.5744,0.86965,0.000467837,0.000467837,0.000467837
256,159.824,0.56398,0.82941,1.01504,0.92744,0.96096,0.995,0.92994,0.45906,0.56132,0.87219,0.000467219,0.000467219,0.000467219
257,160.452,0.52484,0.72668,0.99705,0.92744,0.96096,0.995,0.92994,0.45906,0.56132,0.87219,0.0004666,0.0004666,0.0004666
258,161.081,0.53373,0.72277,0.96857,0.92744,0.96096,0.995,0.92994,0.45906,0.56132,0.87219,0.000465981,0.000465981,0.000465981
259,161.713,0.61783,0.90783,0.93909,0.92744,0.96096,0.995,0.92994,0.45906,0.56132,0.87219,0.000465363,0.000465363,0.000465363
260,162.38,0.51641,0.91391,0.89749,0.92991,0.96699,0.995,0.91501,0.4962,0.57478,0.88051,0.000464744,0.000464744,0.000464744
261,162.993,0.52276,0.58559,0.88784,0.92991,0.96699,0.995,0.91501,0.4962,0.57478,0.88051,0.000464125,0.000464125,0.000464125
262,163.634,0.60337,0.89001,0.87618,0.92991,0.96699,0.995,0.91501,0.4962,0.57478,0.88051,0.000463506,0.000463506,0.000463506
263,164.238,0.61085,0.77072,0.98321,0.92991,0.96699,0.995,0.91501,0.4962,0.57478,0.88051,0.000462887,0.000462887,0.000462887
264,164.882,0.72773,0.82947,0.84725,0.94223,0.93984,0.995,0.92021,0.49418,0.63166,0.87818,0.000462269,0.000462269,0.000462269
265,165.488,0.61314,0.97697,0.92601,0.94223,0.93984,0.995,0.92021,0.49418,0.63166,0.87818,0.00046165,0.00046165,0.00046165
266,166.102,0.93522,0.98562,0.87852,0.94223,0.93984,0.995,0.92021,0.49418,0.63166,0.87818,0.000461031,0.000461031,0.000461031
267,166.731,0.70663,0.87809,0.9089,0.94223,0.93984,0.995,0.92021,0.49418,0.63166,0.87818,0.000460413,0.000460413,0.000460413
268,167.494,0.48725,0.62161,0.89286,0.925,0.914,0.98111,0.89371,0.45646,0.69543,0.87163,0.000459794,0.000459794,0.000459794
269,168.294,0.73579,0.6628,1.03252,0.925,0.914,0.98111,0.89371,0.45646,0.69543,0.87163,0.000459175,0.000459175,0.000459175
270,168.992,0.8625,1.00121,0.91317,0.925,0.914,0.98111,0.89371,0.45646,0.69543,0.87163,0.000458556,0.000458556,0.000458556
271,169.588,0.41086,0.53718,0.81235,0.925,0.914,0.98111,0.89371,0.45646,0.69543,0.87163,0.000457938,0.000457938,0.000457938
272,170.266,0.4441,0.61848,0.83576,0.91475,0.91168,0.98111,0.89503,0.45781,0.72812,0.8737,0.000457319,0.000457319,0.000457319
273,170.877,0.5177,0.6293,0.92817,0.91475,0.91168,0.98111,0.89503,0.45781,0.72812,0.8737,0.0004567,0.0004567,0.0004567
274,171.485,0.65819,0.88907,0.84773,0.91475,0.91168,0.98111,0.89503,0.45781,0.72812,0.8737,0.000456081,0.000456081,0.000456081
275,172.06,0.42452,0.52705,0.86846,0.91475,0.91168,0.98111,0.89503,0.45781,0.72812,0.8737,0.000455462,0.000455462,0.000455462
276,172.702,0.72565,1.4384,0.99138,0.89897,0.92044,0.98111,0.86162,0.49698,0.74803,0.88338,0.000454844,0.000454844,0.000454844
277,173.301,0.48831,0.61757,0.85737,0.89897,0.92044,0.98111,0.86162,0.49698,0.74803,0.88338,0.000454225,0.000454225,0.000454225
278,173.896,0.56385,0.65022,0.88181,0.89897,0.92044,0.98111,0.86162,0.49698,0.74803,0.88338,0.000453606,0.000453606,0.000453606
279,174.514,0.64171,1.02826,0.87141,0.89897,0.92044,0.98111,0.86162,0.49698,0.74803,0.88338,0.000452987,0.000452987,0.000452987
280,175.117,0.59711,0.8198,0.90361,0.9025,0.91872,0.98111,0.85407,0.49382,0.76709,0.88786,0.000452369,0.000452369,0.000452369
281,175.674,0.71647,0.8273,0.86467,0.9025,0.91872,0.98111,0.85407,0.49382,0.76709,0.88786,0.00045175,0.00045175,0.00045175
282,176.243,0.50495,0.61001,0.86611,0.9025,0.91872,0.98111,0.85407,0.49382,0.76709,0.88786,0.000451131,0.000451131,0.000451131
283,176.815,0.48199,0.63067,0.87759,0.9025,0.91872,0.98111,0.85407,0.49382,0.76709,0.88786,0.000450513,0.000450513,0.000450513
284,177.43,0.5027,0.71654,0.83436,0.91075,0.95239,0.995,0.90527,0.45812,0.75339,0.88194,0.000449894,0.000449894,0.000449894
285,177.996,0.44134,0.53189,0.82511,0.91075,0.95239,0.995,0.90527,0.45812,0.75339,0.88194,0.000449275,0.000449275,0.000449275
286,178.743,0.48056,0.5946,0.8629,0.91075,0.95239,0.995,0.90527,0.45812,0.75339,0.88194,0.000448656,0.000448656,0.000448656
287,179.404,0.61996,0.79561,0.9633,0.91075,0.95239,0.995,0.90527,0.45812,0.75339,0.88194,0.000448037,0.000448037,0.000448037
288,180.047,0.51632,0.78077,0.93206,0.93874,0.95456,0.995,0.91818,0.43384,0.6973,0.87485,0.000447419,0.000447419,0.000447419
289,180.72,0.74555,0.78431,0.8306,0.93874,0.95456,0.995,0.91818,0.43384,0.6973,0.87485,0.0004468,0.0004468,0.0004468
290,181.303,0.43682,0.55187,0.86656,0.93874,0.95456,0.995,0.91818,0.43384,0.6973,0.87485,0.000446181,0.000446181,0.000446181
291,181.923,0.5688,0.97891,0.85485,0.93874,0.95456,0.995,0.91818,0.43384,0.6973,0.87485,0.000445562,0.000445562,0.000445562
292,182.761,0.47633,0.55764,0.85683,0.9372,0.9506,0.995,0.91645,0.42329,0.65319,0.86916,0.000444944,0.000444944,0.000444944
293,183.481,0.58448,0.67333,1.02352,0.9372,0.9506,0.995,0.91645,0.42329,0.65319,0.86916,0.000444325,0.000444325,0.000444325
294,184.132,0.58111,0.77412,0.85954,0.9372,0.9506,0.995,0.91645,0.42329,0.65319,0.86916,0.000443706,0.000443706,0.000443706
295,184.737,0.58339,0.80786,0.9748,0.9372,0.9506,0.995,0.91645,0.42329,0.65319,0.86916,0.000443088,0.000443088,0.000443088
296,185.379,0.5595,0.71442,0.92416,0.9326,0.93413,0.995,0.92285,0.40344,0.62288,0.85961,0.000442469,0.000442469,0.000442469
297,186.096,0.54417,0.8316,0.85078,0.9326,0.93413,0.995,0.92285,0.40344,0.62288,0.85961,0.00044185,0.00044185,0.00044185
298,186.703,0.72641,0.69911,1.0082,0.9326,0.93413,0.995,0.92285,0.40344,0.62288,0.85961,0.000441231,0.000441231,0.000441231
299,187.377,0.41745,0.56562,0.84988,0.9326,0.93413,0.995,0.92285,0.40344,0.62288,0.85961,0.000440612,0.000440612,0.000440612
300,188.027,0.45558,0.58934,0.83235,0.92972,0.93677,0.995,0.93412,0.37984,0.6141,0.85481,0.000439994,0.000439994,0.000439994
301,188.736,0.5177,0.76601,0.92392,0.92972,0.93677,0.995,0.93412,0.37984,0.6141,0.85481,0.000439375,0.000439375,0.000439375
302,189.39,0.43239,0.64326,0.86673,0.92972,0.93677,0.995,0.93412,0.37984,0.6141,0.85481,0.000438756,0.000438756,0.000438756
303,190.021,0.53449,0.70187,0.83335,0.92972,0.93677,0.995,0.93412,0.37984,0.6141,0.85481,0.000438138,0.000438138,0.000438138
304,190.682,0.42564,0.51551,0.78683,0.92569,0.93956,0.995,0.92246,0.36443,0.59221,0.85267,0.000437519,0.000437519,0.000437519
305,191.283,0.53448,0.82085,0.96441,0.92569,0.93956,0.995,0.92246,0.36443,0.59221,0.85267,0.0004369,0.0004369,0.0004369
306,191.891,0.50804,0.62758,0.81455,0.92569,0.93956,0.995,0.92246,0.36443,0.59221,0.85267,0.000436281,0.000436281,0.000436281
307,192.5,0.69741,0.8566,0.85425,0.92569,0.93956,0.995,0.92246,0.36443,0.59221,0.85267,0.000435662,0.000435662,0.000435662
308,193.128,0.41732,0.76846,0.91849,0.91863,0.93631,0.995,0.93882,0.36249,0.56186,0.84825,0.000435044,0.000435044,0.000435044
309,193.778,0.65343,0.74006,0.84624,0.91863,0.93631,0.995,0.93882,0.36249,0.56186,0.84825,0.000434425,0.000434425,0.000434425
310,194.389,0.41973,0.51965,0.82082,0.91863,0.93631,0.995,0.93882,0.36249,0.56186,0.84825,0.000433806,0.000433806,0.000433806
311,195.009,0.59618,0.72507,0.8743,0.91863,0.93631,0.995,0.93882,0.36249,0.56186,0.84825,0.000433187,0.000433187,0.000433187
312,195.666,0.60577,0.60447,0.94797,0.91551,0.95881,0.995,0.94434,0.36211,0.54722,0.84552,0.000432569,0.000432569,0.000432569
313,196.287,0.69402,0.96274,1.02641,0.91551,0.95881,0.995,0.94434,0.36211,0.54722,0.84552,0.00043195,0.00043195,0.00043195
314,196.904,0.53008,0.62022,0.94452,0.91551,0.95881,0.995,0.94434,0.36211,0.54722,0.84552,0.000431331,0.000431331,0.000431331
315,197.529,0.52516,0.57818,0.81238,0.91551,0.95881,0.995,0.94434,0.36211,0.54722,0.84552,0.000430712,0.000430712,0.000430712
316,198.19,0.52408,0.76275,0.97027,0.91795,0.98967,0.995,0.92676,0.37117,0.55861,0.8444,0.000430094,0.000430094,0.000430094
317,198.799,0.51673,0.77989,0.91925,0.91795,0.98967,0.995,0.92676,0.37117,0.55861,0.8444,0.000429475,0.000429475,0.000429475
318,199.391,0.42367,0.56787,0.84499,0.91795,0.98967,0.995,0.92676,0.37117,0.55861,0.8444,0.000428856,0.000428856,0.000428856
319,199.998,0.51188,0.67911,0.84569,0.91795,0.98967,0.995,0.92676,0.37117,0.55861,0.8444,0.000428237,0.000428237,0.000428237
320,200.631,0.39352,0.48768,0.84122,0.90397,0.99407,0.995,0.91991,0.40137,0.5829,0.84447,0.000427619,0.000427619,0.000427619
321,201.223,0.50352,0.6928,0.94523,0.90397,0.99407,0.995,0.91991,0.40137,0.5829,0.84447,0.000427,0.000427,0.000427
322,201.834,0.4714,0.66417,0.84499,0.90397,0.99407,0.995,0.91991,0.40137,0.5829,0.84447,0.000426381,0.000426381,0.000426381
323,202.43,0.39771,0.52452,0.85642,0.90397,0.99407,0.995,0.91991,0.40137,0.5829,0.84447,0.000425762,0.000425762,0.000425762
324,203.063,0.41275,0.5252,0.86513,0.91022,0.99571,0.995,0.9231,0.41145,0.58092,0.84757,0.000425144,0.000425144,0.000425144
325,203.656,0.44224,0.53642,0.79473,0.91022,0.99571,0.995,0.9231,0.41145,0.58092,0.84757,0.000424525,0.000424525,0.000424525
326,204.259,0.63448,0.6932,0.82068,0.91022,0.99571,0.995,0.9231,0.41145,0.58092,0.84757,0.000423906,0.000423906,0.000423906
327,204.854,0.43227,0.60785,0.86047,0.91022,0.99571,0.995,0.9231,0.41145,0.58092,0.84757,0.000423288,0.000423288,0.000423288
328,205.494,0.61075,0.87542,1.00374,0.90986,0.97858,0.995,0.9431,0.40113,0.55433,0.84836,0.000422669,0.000422669,0.000422669
329,206.106,0.64841,0.79285,0.81462,0.90986,0.97858,0.995,0.9431,0.40113,0.55433,0.84836,0.00042205,0.00042205,0.00042205
330,206.701,0.41958,0.57338,0.87516,0.90986,0.97858,0.995,0.9431,0.40113,0.55433,0.84836,0.000421431,0.000421431,0.000421431
331,207.319,0.67126,0.74799,1.00941,0.90986,0.97858,0.995,0.9431,0.40113,0.55433,0.84836,0.000420812,0.000420812,0.000420812
332,207.952,0.41244,0.50375,0.84403,0.92621,0.98636,0.995,0.95442,0.38809,0.52626,0.84763,0.000420194,0.000420194,0.000420194
333,208.617,0.51683,0.65454,0.91667,0.92621,0.98636,0.995,0.95442,0.38809,0.52626,0.84763,0.000419575,0.000419575,0.000419575
334,209.293,0.63569,0.74675,0.83792,0.92621,0.98636,0.995,0.95442,0.38809,0.52626,0.84763,0.000418956,0.000418956,0.000418956
335,209.904,0.37027,0.4825,0.8419,0.92621,0.98636,0.995,0.95442,0.38809,0.52626,0.84763,0.000418337,0.000418337,0.000418337
336,210.565,0.77846,0.84774,0.85661,0.88079,1,0.995,0.9394,0.3725,0.51523,0.84433,0.000417719,0.000417719,0.000417719
337,211.165,0.41838,0.54416,0.90466,0.88079,1,0.995,0.9394,0.3725,0.51523,0.84433,0.0004171,0.0004171,0.0004171
338,211.764,0.4592,0.63888,0.88957,0.88079,1,0.995,0.9394,0.3725,0.51523,0.84433,0.000416481,0.000416481,0.000416481
339,212.366,0.41717,0.49153,0.82837,0.88079,1,0.995,0.9394,0.3725,0.51523,0.84433,0.000415862,0.000415862,0.000415862
340,213.003,0.48225,0.66172,0.89179,0.83025,1,0.995,0.94236,0.36464,0.50861,0.8398,0.000415244,0.000415244,0.000415244
341,213.595,0.44272,0.5723,0.81646,0.83025,1,0.995,0.94236,0.36464,0.50861,0.8398,0.000414625,0.000414625,0.000414625
342,214.191,0.42678,0.5748,0.86068,0.83025,1,0.995,0.94236,0.36464,0.50861,0.8398,0.000414006,0.000414006,0.000414006
343,214.782,0.4288,0.66341,0.96062,0.83025,1,0.995,0.94236,0.36464,0.50861,0.8398,0.000413387,0.000413387,0.000413387
344,215.419,0.58426,0.55826,0.97705,0.83148,1,0.995,0.92878,0.39803,0.51142,0.84368,0.000412769,0.000412769,0.000412769
345,216.015,0.41747,0.51362,0.83972,0.83148,1,0.995,0.92878,0.39803,0.51142,0.84368,0.00041215,0.00041215,0.00041215
346,216.635,0.47724,0.79847,0.84705,0.83148,1,0.995,0.92878,0.39803,0.51142,0.84368,0.000411531,0.000411531,0.000411531
347,217.229,0.39317,0.52511,0.86308,0.83148,1,0.995,0.92878,0.39803,0.51142,0.84368,0.000410913,0.000410913,0.000410913
348,217.879,0.43462,0.52904,0.83295,0.84339,1,0.995,0.91612,0.42474,0.52242,0.84855,0.000410294,0.000410294,0.000410294
349,218.485,0.51651,0.62955,0.93528,0.84339,1,0.995,0.91612,0.42474,0.52242,0.84855,0.000409675,0.000409675,0.000409675
350,219.087,0.56888,0.73236,0.91151,0.84339,1,0.995,0.91612,0.42474,0.52242,0.84855,0.000409056,0.000409056,0.000409056
351,219.692,0.47736,0.68106,0.90427,0.84339,1,0.995,0.91612,0.42474,0.52242,0.84855,0.000408438,0.000408438,0.000408438
352,220.34,0.61352,0.69698,0.86274,0.91405,1,0.995,0.93355,0.4137,0.50977,0.84964,0.000407819,0.000407819,0.000407819
353,220.956,0.55604,0.91789,0.86173,0.91405,1,0.995,0.93355,0.4137,0.50977,0.84964,0.0004072,0.0004072,0.0004072
354,221.582,0.70585,0.81894,0.82287,0.91405,1,0.995,0.93355,0.4137,0.50977,0.84964,0.000406581,0.000406581,0.000406581
355,222.18,0.58206,0.70208,1.01498,0.91405,1,0.995,0.93355,0.4137,0.50977,0.84964,0.000405963,0.000405963,0.000405963
356,222.818,0.51165,0.90839,0.8505,0.96049,1,0.995,0.93066,0.40244,0.48916,0.84624,0.000405344,0.000405344,0.000405344
357,223.416,0.54154,0.56381,0.87784,0.96049,1,0.995,0.93066,0.40244,0.48916,0.84624,0.000404725,0.000404725,0.000404725
358,224.009,0.45225,0.51437,0.83138,0.96049,1,0.995,0.93066,0.40244,0.48916,0.84624,0.000404106,0.000404106,0.000404106
359,224.612,0.46036,0.58457,0.89497,0.96049,1,0.995,0.93066,0.40244,0.48916,0.84624,0.000403488,0.000403488,0.000403488
360,225.245,0.5225,0.57469,0.87936,0.96908,1,0.995,0.93586,0.38041,0.47993,0.84145,0.000402869,0.000402869,0.000402869
361,225.838,0.41463,0.49334,0.74443,0.96908,1,0.995,0.93586,0.38041,0.47993,0.84145,0.00040225,0.00040225,0.00040225
362,226.44,0.40293,0.49277,0.86099,0.96908,1,0.995,0.93586,0.38041,0.47993,0.84145,0.000401631,0.000401631,0.000401631
363,227.046,0.6145,0.82967,1.00098,0.96908,1,0.995,0.93586,0.38041,0.47993,0.84145,0.000401012,0.000401012,0.000401012
364,227.698,0.62197,0.6919,0.77514,0.9615,1,0.995,0.9308,0.38089,0.48741,0.84109,0.000400394,0.000400394,0.000400394
365,228.308,0.39428,0.50411,0.8547,0.9615,1,0.995,0.9308,0.38089,0.48741,0.84109,0.000399775,0.000399775,0.000399775
366,228.948,0.37513,0.53818,0.89327,0.9615,1,0.995,0.9308,0.38089,0.48741,0.84109,0.000399156,0.000399156,0.000399156
367,229.571,0.48358,0.64639,0.92687,0.9615,1,0.995,0.9308,0.38089,0.48741,0.84109,0.000398538,0.000398538,0.000398538
368,230.216,0.40124,0.54224,0.85174,0.9452,1,0.995,0.93266,0.42336,0.50372,0.84797,0.000397919,0.000397919,0.000397919
369,230.809,0.43702,0.74708,0.97534,0.9452,1,0.995,0.93266,0.42336,0.50372,0.84797,0.0003973,0.0003973,0.0003973
370,231.41,0.37357,0.52255,0.80942,0.9452,1,0.995,0.93266,0.42336,0.50372,0.84797,0.000396681,0.000396681,0.000396681
371,232.013,0.43234,0.56022,0.9256,0.9452,1,0.995,0.93266,0.42336,0.50372,0.84797,0.000396063,0.000396063,0.000396063
372,232.643,0.44911,0.73695,0.93057,0.94703,1,0.995,0.91888,0.47517,0.50126,0.85777,0.000395444,0.000395444,0.000395444
373,233.243,0.61549,0.64912,0.9328,0.94703,1,0.995,0.91888,0.47517,0.50126,0.85777,0.000394825,0.000394825,0.000394825
374,233.85,0.38266,0.48554,0.79105,0.94703,1,0.995,0.91888,0.47517,0.50126,0.85777,0.000394206,0.000394206,0.000394206
375,234.45,0.3546,0.48697,0.89653,0.94703,1,0.995,0.91888,0.47517,0.50126,0.85777,0.000393587,0.000393587,0.000393587
376,235.09,0.38685,0.44395,0.84977,0.95311,0.9989,0.995,0.92138,0.46423,0.49491,0.85315,0.000392969,0.000392969,0.000392969
377,235.684,0.409,0.55863,0.89933,0.95311,0.9989,0.995,0.92138,0.46423,0.49491,0.85315,0.00039235,0.00039235,0.00039235
378,236.278,0.41602,0.49562,0.83423,0.95311,0.9989,0.995,0.92138,0.46423,0.49491,0.85315,0.000391731,0.000391731,0.000391731
379,236.879,0.35324,0.4648,0.84043,0.95311,0.9989,0.995,0.92138,0.46423,0.49491,0.85315,0.000391112,0.000391112,0.000391112
380,237.559,0.48959,0.55264,0.88739,0.94774,0.99949,0.995,0.94548,0.41483,0.47891,0.83806,0.000390494,0.000390494,0.000390494
381,238.162,0.39389,0.56005,0.85469,0.94774,0.99949,0.995,0.94548,0.41483,0.47891,0.83806,0.000389875,0.000389875,0.000389875
382,238.754,0.44502,0.55268,0.8951,0.94774,0.99949,0.995,0.94548,0.41483,0.47891,0.83806,0.000389256,0.000389256,0.000389256
383,239.343,0.50527,0.53511,0.96435,0.94774,0.99949,0.995,0.94548,0.41483,0.47891,0.83806,0.000388638,0.000388638,0.000388638
384,239.986,0.43853,0.5513,0.85469,0.93948,1,0.995,0.94029,0.37955,0.46551,0.82901,0.000388019,0.000388019,0.000388019
385,240.58,0.34173,0.4602,0.83262,0.93948,1,0.995,0.94029,0.37955,0.46551,0.82901,0.0003874,0.0003874,0.0003874
386,241.184,0.37747,0.53882,0.86122,0.93948,1,0.995,0.94029,0.37955,0.46551,0.82901,0.000386781,0.000386781,0.000386781
387,241.785,0.4026,0.62374,0.84422,0.93948,1,0.995,0.94029,0.37955,0.46551,0.82901,0.000386162,0.000386162,0.000386162
388,242.41,0.45216,0.58368,0.89094,0.92575,1,0.995,0.9491,0.37076,0.45436,0.82613,0.000385544,0.000385544,0.000385544
389,243.016,0.41782,0.67123,0.78328,0.92575,1,0.995,0.9491,0.37076,0.45436,0.82613,0.000384925,0.000384925,0.000384925
390,243.617,0.33602,0.44123,0.77874,0.92575,1,0.995,0.9491,0.37076,0.45436,0.82613,0.000384306,0.000384306,0.000384306
391,244.206,0.57474,0.71943,0.95401,0.92575,1,0.995,0.9491,0.37076,0.45436,0.82613,0.000383688,0.000383688,0.000383688
392,244.831,0.46334,0.70224,0.999,0.91388,1,0.995,0.94086,0.37915,0.45713,0.82968,0.000383069,0.000383069,0.000383069
393,245.409,0.39028,0.53338,0.91391,0.91388,1,0.995,0.94086,0.37915,0.45713,0.82968,0.00038245,0.00038245,0.00038245
394,246,0.4157,0.55927,0.83188,0.91388,1,0.995,0.94086,0.37915,0.45713,0.82968,0.000381831,0.000381831,0.000381831
395,246.615,0.33754,0.42277,0.76685,0.91388,1,0.995,0.94086,0.37915,0.45713,0.82968,0.000381213,0.000381213,0.000381213
396,247.268,0.34136,0.45119,0.80721,0.93113,1,0.995,0.9611,0.37062,0.44688,0.83116,0.000380594,0.000380594,0.000380594
397,248.861,0.55529,0.67646,0.94653,0.93113,1,0.995,0.9611,0.37062,0.44688,0.83116,0.000379975,0.000379975,0.000379975
398,250.089,0.495,0.60995,0.99199,0.93113,1,0.995,0.9611,0.37062,0.44688,0.83116,0.000379356,0.000379356,0.000379356
399,250.702,0.73864,1.02467,1.10445,0.93113,1,0.995,0.9611,0.37062,0.44688,0.83116,0.000378737,0.000378737,0.000378737
400,251.379,0.53649,0.70313,0.81209,0.95551,1,0.995,0.9478,0.39411,0.46462,0.83918,0.000378119,0.000378119,0.000378119
401,251.988,0.37593,0.53675,0.84217,0.95551,1,0.995,0.9478,0.39411,0.46462,0.83918,0.0003775,0.0003775,0.0003775
402,252.617,0.59563,0.68498,0.82619,0.95551,1,0.995,0.9478,0.39411,0.46462,0.83918,0.000376881,0.000376881,0.000376881
403,253.231,0.43519,0.62645,1.05684,0.95551,1,0.995,0.9478,0.39411,0.46462,0.83918,0.000376262,0.000376262,0.000376262
404,253.885,0.66459,0.72958,0.88573,0.96539,0.98962,0.995,0.93332,0.39422,0.47135,0.83783,0.000375644,0.000375644,0.000375644
405,254.503,0.53549,0.77851,0.9344,0.96539,0.98962,0.995,0.93332,0.39422,0.47135,0.83783,0.000375025,0.000375025,0.000375025
406,255.112,0.43084,0.54843,0.83953,0.96539,0.98962,0.995,0.93332,0.39422,0.47135,0.83783,0.000374406,0.000374406,0.000374406
407,255.728,0.40936,0.62761,0.90625,0.96539,0.98962,0.995,0.93332,0.39422,0.47135,0.83783,0.000373787,0.000373787,0.000373787
408,256.369,0.45463,0.50697,0.86338,0.96344,0.99215,0.995,0.93946,0.36165,0.46222,0.82707,0.000373169,0.000373169,0.000373169
409,256.996,0.5071,0.61087,0.81894,0.96344,0.99215,0.995,0.93946,0.36165,0.46222,0.82707,0.00037255,0.00037255,0.00037255
410,257.616,0.5286,0.62259,0.90315,0.96344,0.99215,0.995,0.93946,0.36165,0.46222,0.82707,0.000371931,0.000371931,0.000371931
411,258.233,0.35456,0.48855,0.85786,0.96344,0.99215,0.995,0.93946,0.36165,0.46222,0.82707,0.000371313,0.000371313,0.000371313
412,258.88,0.42955,0.60763,0.86027,0.95196,0.99618,0.995,0.95825,0.34095,0.45597,0.8204,0.000370694,0.000370694,0.000370694
413,259.501,0.3057,0.40354,0.79084,0.95196,0.99618,0.995,0.95825,0.34095,0.45597,0.8204,0.000370075,0.000370075,0.000370075
414,260.462,0.37376,0.48193,0.83878,0.95196,0.99618,0.995,0.95825,0.34095,0.45597,0.8204,0.000369456,0.000369456,0.000369456
415,261.272,0.38248,0.52266,0.89417,0.95196,0.99618,0.995,0.95825,0.34095,0.45597,0.8204,0.000368838,0.000368838,0.000368838
416,261.907,0.46187,0.6719,0.94194,0.94662,1,0.995,0.95992,0.34183,0.44027,0.82164,0.000368219,0.000368219,0.000368219
417,262.51,0.34651,0.47234,0.89,0.94662,1,0.995,0.95992,0.34183,0.44027,0.82164,0.0003676,0.0003676,0.0003676
418,263.116,0.48952,0.61509,0.81406,0.94662,1,0.995,0.95992,0.34183,0.44027,0.82164,0.000366981,0.000366981,0.000366981
419,263.711,0.39222,0.54785,0.86098,0.94662,1,0.995,0.95992,0.34183,0.44027,0.82164,0.000366363,0.000366363,0.000366363
420,264.344,0.47758,0.54675,0.83967,0.93845,1,0.995,0.9274,0.37895,0.44732,0.82977,0.000365744,0.000365744,0.000365744
421,264.952,0.55277,0.65673,0.85892,0.93845,1,0.995,0.9274,0.37895,0.44732,0.82977,0.000365125,0.000365125,0.000365125
422,265.544,0.43627,0.47417,0.77804,0.93845,1,0.995,0.9274,0.37895,0.44732,0.82977,0.000364506,0.000364506,0.000364506
423,266.157,0.35415,0.47858,0.8019,0.93845,1,0.995,0.9274,0.37895,0.44732,0.82977,0.000363888,0.000363888,0.000363888
424,266.794,0.37751,0.47095,0.87097,0.92716,1,0.995,0.92954,0.38893,0.45324,0.83056,0.000363269,0.000363269,0.000363269
425,267.401,0.54912,0.82841,0.92846,0.92716,1,0.995,0.92954,0.38893,0.45324,0.83056,0.00036265,0.00036265,0.00036265
426,268.016,0.37454,0.49337,0.87784,0.92716,1,0.995,0.92954,0.38893,0.45324,0.83056,0.000362031,0.000362031,0.000362031
427,268.623,0.42909,0.52077,0.85164,0.92716,1,0.995,0.92954,0.38893,0.45324,0.83056,0.000361413,0.000361413,0.000361413
428,269.265,0.4211,0.54792,0.90663,0.9399,1,0.995,0.92917,0.36842,0.44291,0.82649,0.000360794,0.000360794,0.000360794
429,269.914,0.52598,0.62742,0.86377,0.9399,1,0.995,0.92917,0.36842,0.44291,0.82649,0.000360175,0.000360175,0.000360175
430,270.548,0.47939,0.51389,0.8394,0.9399,1,0.995,0.92917,0.36842,0.44291,0.82649,0.000359556,0.000359556,0.000359556
431,271.154,0.31705,0.44375,0.85814,0.9399,1,0.995,0.92917,0.36842,0.44291,0.82649,0.000358938,0.000358938,0.000358938
432,271.793,0.35962,0.43698,0.82808,0.94099,0.99662,0.995,0.93323,0.34741,0.43928,0.82031,0.000358319,0.000358319,0.000358319
433,272.396,0.48903,0.64279,1.00787,0.94099,0.99662,0.995,0.93323,0.34741,0.43928,0.82031,0.0003577,0.0003577,0.0003577
434,273.023,0.51086,0.70888,0.86119,0.94099,0.99662,0.995,0.93323,0.34741,0.43928,0.82031,0.000357081,0.000357081,0.000357081
435,273.624,0.42129,0.55938,0.84293,0.94099,0.99662,0.995,0.93323,0.34741,0.43928,0.82031,0.000356463,0.000356463,0.000356463
436,274.248,0.47369,0.6285,0.91778,0.9384,0.98905,0.995,0.94824,0.33631,0.44485,0.81739,0.000355844,0.000355844,0.000355844
437,274.849,0.39527,0.59863,0.97017,0.9384,0.98905,0.995,0.94824,0.33631,0.44485,0.81739,0.000355225,0.000355225,0.000355225
438,275.455,0.3795,0.42982,0.81513,0.9384,0.98905,0.995,0.94824,0.33631,0.44485,0.81739,0.000354606,0.000354606,0.000354606
439,276.076,0.33674,0.40572,0.77843,0.9384,0.98905,0.995,0.94824,0.33631,0.44485,0.81739,0.000353988,0.000353988,0.000353988
440,276.73,0.43406,0.59445,0.83305,0.93593,0.98844,0.995,0.97223,0.30292,0.43288,0.81276,0.000353369,0.000353369,0.000353369
441,277.372,0.59095,0.64004,0.82011,0.93593,0.98844,0.995,0.97223,0.30292,0.43288,0.81276,0.00035275,0.00035275,0.00035275
442,278.005,0.33188,0.4408,0.84223,0.93593,0.98844,0.995,0.97223,0.30292,0.43288,0.81276,0.000352131,0.000352131,0.000352131
443,278.641,0.40709,0.58272,0.83111,0.93593,0.98844,0.995,0.97223,0.30292,0.43288,0.81276,0.000351513,0.000351513,0.000351513
444,279.3,0.40631,0.61069,0.82455,0.93736,0.99199,0.995,0.95872,0.31149,0.43504,0.81454,0.000350894,0.000350894,0.000350894
445,279.914,0.57354,0.62628,0.77074,0.93736,0.99199,0.995,0.95872,0.31149,0.43504,0.81454,0.000350275,0.000350275,0.000350275
446,280.51,0.33239,0.44749,0.7982,0.93736,0.99199,0.995,0.95872,0.31149,0.43504,0.81454,0.000349656,0.000349656,0.000349656
447,281.106,0.30338,0.4451,0.80846,0.93736,0.99199,0.995,0.95872,0.31149,0.43504,0.81454,0.000349038,0.000349038,0.000349038
448,281.746,0.5355,0.73742,0.94244,0.94912,0.99371,0.995,0.9547,0.33066,0.44034,0.81888,0.000348419,0.000348419,0.000348419
449,282.35,0.4579,0.70793,0.81916,0.94912,0.99371,0.995,0.9547,0.33066,0.44034,0.81888,0.0003478,0.0003478,0.0003478
450,282.988,0.47989,0.72758,0.86601,0.94912,0.99371,0.995,0.9547,0.33066,0.44034,0.81888,0.000347181,0.000347181,0.000347181
451,283.621,0.7609,0.71531,0.8345,0.94912,0.99371,0.995,0.9547,0.33066,0.44034,0.81888,0.000346563,0.000346563,0.000346563
452,284.272,0.47053,0.60815,0.87017,0.95556,0.98998,0.995,0.94825,0.34394,0.46239,0.82192,0.000345944,0.000345944,0.000345944
453,284.866,0.50691,0.80536,0.91367,0.95556,0.98998,0.995,0.94825,0.34394,0.46239,0.82192,0.000345325,0.000345325,0.000345325
454,285.466,0.49851,0.61655,0.87679,0.95556,0.98998,0.995,0.94825,0.34394,0.46239,0.82192,0.000344706,0.000344706,0.000344706
455,286.079,0.322,0.44092,0.85681,0.95556,0.98998,0.995,0.94825,0.34394,0.46239,0.82192,0.000344088,0.000344088,0.000344088
456,286.718,0.34789,0.45716,0.86716,0.95881,0.99483,0.995,0.94769,0.32831,0.44941,0.81862,0.000343469,0.000343469,0.000343469
457,287.328,0.38087,0.46512,0.78941,0.95881,0.99483,0.995,0.94769,0.32831,0.44941,0.81862,0.00034285,0.00034285,0.00034285
458,287.939,0.65055,0.75382,0.85846,0.95881,0.99483,0.995,0.94769,0.32831,0.44941,0.81862,0.000342231,0.000342231,0.000342231
459,288.542,0.32602,0.40895,0.82615,0.95881,0.99483,0.995,0.94769,0.32831,0.44941,0.81862,0.000341613,0.000341613,0.000341613
460,289.177,0.45732,0.67817,0.86724,0.96253,0.99388,0.995,0.9563,0.33164,0.44069,0.8188,0.000340994,0.000340994,0.000340994
461,289.823,0.48074,0.55249,0.81555,0.96253,0.99388,0.995,0.9563,0.33164,0.44069,0.8188,0.000340375,0.000340375,0.000340375
462,290.416,0.45879,0.51474,0.88202,0.96253,0.99388,0.995,0.9563,0.33164,0.44069,0.8188,0.000339756,0.000339756,0.000339756
463,291.025,0.32964,0.47382,0.83343,0.96253,0.99388,0.995,0.9563,0.33164,0.44069,0.8188,0.000339137,0.000339137,0.000339137
464,291.655,0.33778,0.43838,0.80881,0.95435,1,0.995,0.96731,0.33596,0.44041,0.81997,0.000338519,0.000338519,0.000338519
465,292.258,0.33737,0.48448,0.83872,0.95435,1,0.995,0.96731,0.33596,0.44041,0.81997,0.0003379,0.0003379,0.0003379
466,292.862,0.36652,0.44647,0.80386,0.95435,1,0.995,0.96731,0.33596,0.44041,0.81997,0.000337281,0.000337281,0.000337281
467,293.478,0.38316,0.54062,0.86335,0.95435,1,0.995,0.96731,0.33596,0.44041,0.81997,0.000336663,0.000336663,0.000336663
468,294.113,0.56386,0.62732,0.95932,0.95606,0.99838,0.995,0.97411,0.33154,0.43211,0.81985,0.000336044,0.000336044,0.000336044
469,294.736,0.3371,0.41277,0.81253,0.95606,0.99838,0.995,0.97411,0.33154,0.43211,0.81985,0.000335425,0.000335425,0.000335425
470,295.415,0.31798,0.44456,0.77392,0.95606,0.99838,0.995,0.97411,0.33154,0.43211,0.81985,0.000334806,0.000334806,0.000334806
471,296.045,0.40005,0.44587,0.81924,0.95606,0.99838,0.995,0.97411,0.33154,0.43211,0.81985,0.000334188,0.000334188,0.000334188
472,296.715,0.32983,0.45847,0.85289,0.96023,0.99189,0.995,0.98424,0.30016,0.42075,0.81585,0.000333569,0.000333569,0.000333569
473,297.339,0.53621,0.55067,0.97475,0.96023,0.99189,0.995,0.98424,0.30016,0.42075,0.81585,0.00033295,0.00033295,0.00033295
474,297.984,0.33541,0.50444,0.85532,0.96023,0.99189,0.995,0.98424,0.30016,0.42075,0.81585,0.000332331,0.000332331,0.000332331
475,298.62,0.40058,0.4987,0.87235,0.96023,0.99189,0.995,0.98424,0.30016,0.42075,0.81585,0.000331713,0.000331713,0.000331713
476,299.295,0.40189,0.50735,0.79997,0.95007,0.98832,0.995,0.98774,0.29089,0.42494,0.81523,0.000331094,0.000331094,0.000331094
477,299.928,0.38496,0.59706,0.90715,0.95007,0.98832,0.995,0.98774,0.29089,0.42494,0.81523,0.000330475,0.000330475,0.000330475
478,300.567,0.35417,0.59936,0.84513,0.95007,0.98832,0.995,0.98774,0.29089,0.42494,0.81523,0.000329856,0.000329856,0.000329856
479,301.203,0.33876,0.44025,0.82369,0.95007,0.98832,0.995,0.98774,0.29089,0.42494,0.81523,0.000329238,0.000329238,0.000329238
480,301.859,0.30579,0.40725,0.82115,0.94676,0.98479,0.995,0.98473,0.2594,0.42,0.81104,0.000328619,0.000328619,0.000328619
481,302.464,0.34247,0.45505,0.78423,0.94676,0.98479,0.995,0.98473,0.2594,0.42,0.81104,0.000328,0.000328,0.000328
482,303.062,0.40905,0.5595,0.87153,0.94676,0.98479,0.995,0.98473,0.2594,0.42,0.81104,0.000327381,0.000327381,0.000327381
483,303.658,0.43533,0.54606,0.92284,0.94676,0.98479,0.995,0.98473,0.2594,0.42,0.81104,0.000326763,0.000326763,0.000326763
484,304.411,0.37034,0.55386,0.86164,0.93211,0.99654,0.995,0.98692,0.25339,0.41626,0.80983,0.000326144,0.000326144,0.000326144
485,305.047,0.42856,0.53789,0.92878,0.93211,0.99654,0.995,0.98692,0.25339,0.41626,0.80983,0.000325525,0.000325525,0.000325525
486,305.713,0.30232,0.39236,0.7692,0.93211,0.99654,0.995,0.98692,0.25339,0.41626,0.80983,0.000324906,0.000324906,0.000324906
487,306.414,0.34114,0.54597,0.79579,0.93211,0.99654,0.995,0.98692,0.25339,0.41626,0.80983,0.000324287,0.000324287,0.000324287
488,307.093,0.40015,0.62957,0.91737,0.91246,1,0.995,0.9776,0.26963,0.4337,0.81146,0.000323669,0.000323669,0.000323669
489,307.731,0.34824,0.47687,0.86878,0.91246,1,0.995,0.9776,0.26963,0.4337,0.81146,0.00032305,0.00032305,0.00032305
490,308.298,0.63949,0.79,1.04933,0.91246,1,0.995,0.9776,0.26963,0.4337,0.81146,0.000322431,0.000322431,0.000322431
491,308.826,0.4481,0.54928,0.79916,0.91246,1,0.995,0.9776,0.26963,0.4337,0.81146,0.000321812,0.000321812,0.000321812
492,309.375,0.40861,0.51622,0.81853,0.91353,1,0.995,0.96634,0.28036,0.4448,0.81472,0.000321194,0.000321194,0.000321194
493,309.958,0.46549,0.65579,0.99133,0.91353,1,0.995,0.96634,0.28036,0.4448,0.81472,0.000320575,0.000320575,0.000320575
494,310.488,0.34762,0.4299,0.84283,0.91353,1,0.995,0.96634,0.28036,0.4448,0.81472,0.000319956,0.000319956,0.000319956
495,311.029,0.31648,0.42079,0.84962,0.91353,1,0.995,0.96634,0.28036,0.4448,0.81472,0.000319338,0.000319338,0.000319338
496,311.637,0.59608,0.6606,0.83396,0.91222,1,0.995,0.94723,0.31177,0.45062,0.81948,0.000318719,0.000318719,0.000318719
497,312.177,0.42307,0.58717,0.91874,0.91222,1,0.995,0.94723,0.31177,0.45062,0.81948,0.0003181,0.0003181,0.0003181
498,312.708,0.35668,0.47473,0.8701,0.91222,1,0.995,0.94723,0.31177,0.45062,0.81948,0.000317481,0.000317481,0.000317481
499,313.246,0.35203,0.44799,0.75903,0.91222,1,0.995,0.94723,0.31177,0.45062,0.81948,0.000316863,0.000316863,0.000316863
500,313.794,0.39104,0.56135,0.88257,0.92949,1,0.995,0.97006,0.33059,0.46449,0.81989,0.000316244,0.000316244,0.000316244
501,314.33,0.47656,0.59973,0.85852,0.92949,1,0.995,0.97006,0.33059,0.46449,0.81989,0.000315625,0.000315625,0.000315625
502,314.856,0.33026,0.44846,0.80989,0.92949,1,0.995,0.97006,0.33059,0.46449,0.81989,0.000315006,0.000315006,0.000315006
503,315.499,0.61173,0.79621,0.81765,0.92949,1,0.995,0.97006,0.33059,0.46449,0.81989,0.000314388,0.000314388,0.000314388
504,316.237,0.42932,0.52497,0.90363,0.94217,0.99217,0.995,0.97965,0.30153,0.46284,0.81706,0.000313769,0.000313769,0.000313769
505,316.9,0.29858,0.42805,0.85331,0.94217,0.99217,0.995,0.97965,0.30153,0.46284,0.81706,0.00031315,0.00031315,0.00031315
506,317.541,0.51423,0.63518,0.85286,0.94217,0.99217,0.995,0.97965,0.30153,0.46284,0.81706,0.000312531,0.000312531,0.000312531
507,318.206,0.29448,0.43885,0.77208,0.94217,0.99217,0.995,0.97965,0.30153,0.46284,0.81706,0.000311913,0.000311913,0.000311913
508,318.931,0.34194,0.46875,0.81527,0.95148,0.97903,0.995,0.97352,0.28388,0.45939,0.81392,0.000311294,0.000311294,0.000311294
509,319.554,0.3815,0.52813,0.86276,0.95148,0.97903,0.995,0.97352,0.28388,0.45939,0.81392,0.000310675,0.000310675,0.000310675
510,320.164,0.30866,0.45384,0.77963,0.95148,0.97903,0.995,0.97352,0.28388,0.45939,0.81392,0.000310056,0.000310056,0.000310056
511,320.79,0.37126,0.47317,0.91343,0.95148,0.97903,0.995,0.97352,0.28388,0.45939,0.81392,0.000309437,0.000309437,0.000309437
512,321.455,0.38132,0.54015,0.83187,0.96176,0.97468,0.995,0.96154,0.2908,0.46557,0.81439,0.000308819,0.000308819,0.000308819
513,322.081,0.3533,0.45399,0.9187,0.96176,0.97468,0.995,0.96154,0.2908,0.46557,0.81439,0.0003082,0.0003082,0.0003082
514,322.716,0.33341,0.4884,0.8076,0.96176,0.97468,0.995,0.96154,0.2908,0.46557,0.81439,0.000307581,0.000307581,0.000307581
515,323.34,0.32292,0.42949,0.82224,0.96176,0.97468,0.995,0.96154,0.2908,0.46557,0.81439,0.000306962,0.000306962,0.000306962
516,323.996,0.35699,0.48707,0.84608,0.96162,0.97806,0.995,0.96282,0.28791,0.4566,0.8137,0.000306344,0.000306344,0.000306344
517,324.629,0.5388,0.61628,0.81407,0.96162,0.97806,0.995,0.96282,0.28791,0.4566,0.8137,0.000305725,0.000305725,0.000305725
518,325.252,0.30255,0.45266,0.8569,0.96162,0.97806,0.995,0.96282,0.28791,0.4566,0.8137,0.000305106,0.000305106,0.000305106
519,325.879,0.31597,0.433,0.81209,0.96162,0.97806,0.995,0.96282,0.28791,0.4566,0.8137,0.000304487,0.000304487,0.000304487
520,326.542,0.55238,0.62089,0.82859,0.95606,0.99075,0.995,0.97349,0.30323,0.45076,0.81449,0.000303869,0.000303869,0.000303869
521,327.149,0.3512,0.46457,0.80385,0.95606,0.99075,0.995,0.97349,0.30323,0.45076,0.81449,0.00030325,0.00030325,0.00030325
522,327.784,0.35092,0.49033,0.84361,0.95606,0.99075,0.995,0.97349,0.30323,0.45076,0.81449,0.000302631,0.000302631,0.000302631
523,328.408,0.39286,0.63684,0.80732,0.95606,0.99075,0.995,0.97349,0.30323,0.45076,0.81449,0.000302013,0.000302013,0.000302013
524,329.071,0.38584,0.59788,0.80925,0.96341,0.98985,0.995,0.96206,0.31971,0.45225,0.81629,0.000301394,0.000301394,0.000301394
525,329.692,0.30938,0.41619,0.80763,0.96341,0.98985,0.995,0.96206,0.31971,0.45225,0.81629,0.000300775,0.000300775,0.000300775
526,330.326,0.54444,0.62543,0.82991,0.96341,0.98985,0.995,0.96206,0.31971,0.45225,0.81629,0.000300156,0.000300156,0.000300156
527,330.976,0.43199,0.63202,0.87232,0.96341,0.98985,0.995,0.96206,0.31971,0.45225,0.81629,0.000299538,0.000299538,0.000299538
528,331.65,0.50998,0.532,0.85316,0.95856,0.98474,0.995,0.95999,0.32515,0.45501,0.81716,0.000298919,0.000298919,0.000298919
529,332.267,0.35431,0.42281,0.84214,0.95856,0.98474,0.995,0.95999,0.32515,0.45501,0.81716,0.0002983,0.0002983,0.0002983
530,332.898,0.55035,0.81763,0.80355,0.95856,0.98474,0.995,0.95999,0.32515,0.45501,0.81716,0.000297681,0.000297681,0.000297681
531,333.5,0.57838,0.75173,0.97925,0.95856,0.98474,0.995,0.95999,0.32515,0.45501,0.81716,0.000297063,0.000297063,0.000297063
532,334.163,0.3632,0.56487,0.82014,0.94984,0.98544,0.995,0.97695,0.31442,0.4372,0.81695,0.000296444,0.000296444,0.000296444
533,334.788,0.51196,0.57245,0.8175,0.94984,0.98544,0.995,0.97695,0.31442,0.4372,0.81695,0.000295825,0.000295825,0.000295825
534,335.398,0.32089,0.55565,0.8473,0.94984,0.98544,0.995,0.97695,0.31442,0.4372,0.81695,0.000295206,0.000295206,0.000295206
535,336.074,0.43697,0.52908,0.93289,0.94984,0.98544,0.995,0.97695,0.31442,0.4372,0.81695,0.000294587,0.000294587,0.000294587
536,336.747,0.36767,0.45456,0.84386,0.94964,0.9827,0.995,0.96224,0.30528,0.41978,0.81318,0.000293969,0.000293969,0.000293969
537,337.402,0.39907,0.51485,0.85519,0.94964,0.9827,0.995,0.96224,0.30528,0.41978,0.81318,0.00029335,0.00029335,0.00029335
538,338.015,0.35629,0.45528,0.85793,0.94964,0.9827,0.995,0.96224,0.30528,0.41978,0.81318,0.000292731,0.000292731,0.000292731
539,338.737,0.42971,0.73676,0.83824,0.94964,0.9827,0.995,0.96224,0.30528,0.41978,0.81318,0.000292112,0.000292112,0.000292112
540,339.465,0.35891,0.49008,0.85843,0.95567,0.97924,0.995,0.98073,0.28256,0.40135,0.80895,0.000291494,0.000291494,0.000291494
541,340.07,0.29916,0.50593,0.77465,0.95567,0.97924,0.995,0.98073,0.28256,0.40135,0.80895,0.000290875,0.000290875,0.000290875
542,340.722,0.55032,0.61702,0.80467,0.95567,0.97924,0.995,0.98073,0.28256,0.40135,0.80895,0.000290256,0.000290256,0.000290256
543,341.341,0.33343,0.49511,0.83381,0.95567,0.97924,0.995,0.98073,0.28256,0.40135,0.80895,0.000289637,0.000289637,0.000289637
544,342.069,0.36458,0.53225,0.83743,0.95863,0.97592,0.995,0.97673,0.27224,0.39011,0.80717,0.000289019,0.000289019,0.000289019
545,342.691,0.33841,0.47101,0.84313,0.95863,0.97592,0.995,0.97673,0.27224,0.39011,0.80717,0.0002884,0.0002884,0.0002884
546,343.311,0.25482,0.41719,0.82896,0.95863,0.97592,0.995,0.97673,0.27224,0.39011,0.80717,0.000287781,0.000287781,0.000287781
547,343.923,0.31282,0.45265,0.89112,0.95863,0.97592,0.995,0.97673,0.27224,0.39011,0.80717,0.000287162,0.000287162,0.000287162
548,344.562,0.35756,0.48748,0.85423,0.96693,0.97517,0.995,0.97771,0.27321,0.38191,0.80861,0.000286544,0.000286544,0.000286544
549,345.171,0.26652,0.37945,0.82878,0.96693,0.97517,0.995,0.97771,0.27321,0.38191,0.80861,0.000285925,0.000285925,0.000285925
550,345.778,0.39135,0.58358,0.84757,0.96693,0.97517,0.995,0.97771,0.27321,0.38191,0.80861,0.000285306,0.000285306,0.000285306
551,346.385,0.46856,0.45894,0.95472,0.96693,0.97517,0.995,0.97771,0.27321,0.38191,0.80861,0.000284688,0.000284688,0.000284688
552,347.037,0.40048,0.50652,0.79004,0.97293,0.97554,0.995,0.97373,0.27996,0.37705,0.81154,0.000284069,0.000284069,0.000284069
553,347.67,0.36676,0.4728,0.84386,0.97293,0.97554,0.995,0.97373,0.27996,0.37705,0.81154,0.00028345,0.00028345,0.00028345
554,348.278,0.30639,0.42861,0.83634,0.97293,0.97554,0.995,0.97373,0.27996,0.37705,0.81154,0.000282831,0.000282831,0.000282831
555,348.961,0.37241,0.41103,0.82794,0.97293,0.97554,0.995,0.97373,0.27996,0.37705,0.81154,0.000282212,0.000282212,0.000282212
556,349.682,0.31298,0.39134,0.75631,0.97009,0.98918,0.995,0.96603,0.28249,0.36617,0.81198,0.000281594,0.000281594,0.000281594
557,350.295,0.27491,0.42847,0.81364,0.97009,0.98918,0.995,0.96603,0.28249,0.36617,0.81198,0.000280975,0.000280975,0.000280975
558,350.907,0.35154,0.42557,0.83974,0.97009,0.98918,0.995,0.96603,0.28249,0.36617,0.81198,0.000280356,0.000280356,0.000280356
559,351.503,0.46053,0.54363,0.79014,0.97009,0.98918,0.995,0.96603,0.28249,0.36617,0.81198,0.000279738,0.000279738,0.000279738
560,352.21,0.36986,0.46714,0.93184,0.97303,0.99695,0.995,0.96319,0.28284,0.36113,0.81099,0.000279119,0.000279119,0.000279119
561,352.757,0.29409,0.39342,0.83109,0.97303,0.99695,0.995,0.96319,0.28284,0.36113,0.81099,0.0002785,0.0002785,0.0002785
562,353.4,0.48401,0.7205,0.84936,0.97303,0.99695,0.995,0.96319,0.28284,0.36113,0.81099,0.000277881,0.000277881,0.000277881
563,353.986,0.39725,0.56763,0.86085,0.97303,0.99695,0.995,0.96319,0.28284,0.36113,0.81099,0.000277262,0.000277262,0.000277262
564,354.596,0.31594,0.38694,0.81235,0.97442,1,0.995,0.962,0.28713,0.36782,0.81267,0.000276644,0.000276644,0.000276644
565,355.267,0.36028,0.47296,0.85604,0.97442,1,0.995,0.962,0.28713,0.36782,0.81267,0.000276025,0.000276025,0.000276025
566,355.891,0.32369,0.42259,0.82747,0.97442,1,0.995,0.962,0.28713,0.36782,0.81267,0.000275406,0.000275406,0.000275406
567,356.478,0.41483,0.60439,0.86077,0.97442,1,0.995,0.962,0.28713,0.36782,0.81267,0.000274788,0.000274788,0.000274788
568,357.134,0.42293,0.50945,0.77718,0.97434,1,0.995,0.9521,0.29012,0.38159,0.81321,0.000274169,0.000274169,0.000274169
569,357.717,0.35861,0.47224,0.82479,0.97434,1,0.995,0.9521,0.29012,0.38159,0.81321,0.00027355,0.00027355,0.00027355
570,358.331,0.37332,0.51262,0.83861,0.97434,1,0.995,0.9521,0.29012,0.38159,0.81321,0.000272931,0.000272931,0.000272931
571,359.028,0.3024,0.41509,0.82259,0.97434,1,0.995,0.9521,0.29012,0.38159,0.81321,0.000272313,0.000272313,0.000272313
572,359.72,0.378,0.52431,0.83799,0.97344,1,0.995,0.96771,0.29471,0.38461,0.81447,0.000271694,0.000271694,0.000271694
573,360.471,0.49251,0.54031,0.8392,0.97344,1,0.995,0.96771,0.29471,0.38461,0.81447,0.000271075,0.000271075,0.000271075
574,361.098,0.37559,0.5658,0.8262,0.97344,1,0.995,0.96771,0.29471,0.38461,0.81447,0.000270456,0.000270456,0.000270456
575,361.825,0.36171,0.49028,0.87997,0.97344,1,0.995,0.96771,0.29471,0.38461,0.81447,0.000269838,0.000269838,0.000269838
576,362.49,0.3697,0.47739,0.81332,0.97081,1,0.995,0.97705,0.30309,0.38925,0.81561,0.000269219,0.000269219,0.000269219
577,363.168,0.53515,0.87342,0.95968,0.97081,1,0.995,0.97705,0.30309,0.38925,0.81561,0.0002686,0.0002686,0.0002686
578,363.801,0.36331,0.44645,0.78142,0.97081,1,0.995,0.97705,0.30309,0.38925,0.81561,0.000267981,0.000267981,0.000267981
579,364.498,0.65262,0.70502,0.8115,0.97081,1,0.995,0.97705,0.30309,0.38925,0.81561,0.000267363,0.000267363,0.000267363
